chrom,pos,end,svlen,id,qual
chr22,15943186,,2730,,30.0
chr22,16071037,,684,,30.0
chr22,16564442,,68,,30.0
chr22,17136225,,314,,30.0
chr22,18723997,,514,,30.0
chr22,18725027,,6247,,30.0
chr22,18731642,,1312,,30.0
chr22,18733379,,141,,30.0
chr22,20162552,,207,,30.0
chr22,20162745,,123,,30.0
chr22,20163789,,86,,30.0
chr22,20355502,,4120,,30.0
chr22,20360187,,729,,30.0
chr22,20360682,,54,,30.0
chr22,20596335,,3217,,30.0
chr22,21166001,,885,,30.0
chr22,21379005,,318,,30.0
chr22,22285918,,137,,30.0
chr22,22757697,,76,,30.0
chr22,23657746,,91,,30.0
chr22,24605091,,81,,30.0
chr22,24605561,,87,,30.0
chr22,24605797,,53,,30.0
chr22,34578797,,66,,30.0
chr22,35737460,,766,,30.0
chr22,36434040,,122,,30.0
chr22,39211647,,320,,30.0
chr22,39601856,,76,,30.0
chr22,43496692,,108,,30.0
chr22,43499986,,243,,30.0
chr22,43836153,,210,,30.0
chr22,44112810,,152,,30.0
chr22,44115487,,296,,30.0
chr22,44884261,,141,,30.0
chr22,46566736,,274,,30.0
chr22,46631422,,343,,30.0
chr22,46772358,,70,,30.0
chr22,47069885,,119,,30.0
chr22,47916376,,56,,30.0
chr22,48479262,,66,,30.0
chr22,48583447,,65,,30.0
chr22,48736334,,157,,30.0
chr22,48912091,,125,,30.0
chr22,48912401,,95,,30.0
chr22,48972094,,68,,30.0
chr22,49265568,,132,,30.0
chr22,49265996,,99,,30.0
chr22,49384265,,278,,30.0
chr22,49384485,,1528,,30.0
chr22,49384727,,314,,30.0
chr22,49387777,,321,,30.0
chr22,49879732,,67,,30.0
chr22,49975462,,71,,30.0
chr22,50433239,,372,,30.0
chr22,50434594,,112,,30.0
chr22,50681354,,1318,,30.0
chr22,50807851,,85,,30.0
